continent,country,iso_code,capital,total_population,male_population,female_population,male_pct,female_pct,popular_language,other_languages,birth_rate_per_1000,death_rate_per_1000,avg_births_per_year,avg_deaths_per_year,natural_growth_per_year,source,surface_area_km2,land_area_km2,pop_density_per_km2
Africa,Algeria,DZA,Algiers,47435312,24186841,23248471,0.509891049098613,0.490108950901388,Arabic,,18.837,4.618,893539,219056,674483,World Bank 2025,2381740,2381740,19.92
Africa,Angola,AGO,Luanda,39040039,19322247,19717792,0.49493411110578,0.50506588889422,Portuguese,,37.158,6.84,1450650,267034,1183616,World Bank 2025,1246700,1246700,31.31
Africa,Benin,BEN,Porto-Novo,14814460,7430498,7383962,0.501570627616531,0.498429372383469,French,,33.419,8.71,495084,129034,366050,World Bank 2025,114760,112760,131.38
Africa,Botswana,BWA,Gaborone,2562122,1276493,1285629,0.498217102854587,0.501782897145413,English,Tswana,24.361,5.738,62416,14701,47715,World Bank 2025,581730,566730,4.52
Africa,Burkina Faso,BFA,Ouagadougou,24074580,11994178,12080402,0.498209231479843,0.501790768520157,French,Mossi,31.336,7.915,754401,190550,563851,World Bank 2025,274200,273600,87.99
Africa,Burundi,BDI,Gitega,14390003,7149019,7240984,0.496804552438245,0.503195447561755,French,Rundi,33.211,6.67,477906,95981,381925,World Bank 2025,27830,25680,560.36
Africa,Cabo Verde,CPV,Praia,527326,268154,259172,0.508516553327543,0.491483446672457,Portuguese,,12.222,5.096,6445,2687,3758,World Bank 2025,4030,4030,130.85
Africa,Cameroon,CMR,Yaounde,29879337,14890229,14989108,0.498345361545338,0.501654638454662,English,French,33.344,7.032,996297,210111,786186,World Bank 2025,475440,472710,63.21
Africa,Central African Republic,CAF,Bangui,5513282,2650480,2862802,0.480744500281321,0.519255499718679,French,"Sango, Lingala, Kongo",46.193,9.379,254675,51709,202966,World Bank 2025,622980,622980,8.85
Africa,Chad,TCD,N'Djamena,21003705,10534496,10469209,0.501554178179516,0.498445821820484,French,"Arabic, Sara",43.264,11.08,908704,232721,675983,World Bank 2025,1284000,1259200,16.68
Africa,Comoros,COM,Moroni,882847,443878,438969,0.502780209934451,0.497219790065549,Arabic,French,28.232,7.123,24925,6289,18636,World Bank 2025,1861,1861,474.39
Africa,Democratic Republic of the Congo,COD,Kinshasa,112832473,55984510,56847963,0.49617373892,0.50382626108,French,"Lingala, Kituba (Democratic Republic of Congo), Kongo",40.885,8.424,4613156,950501,3662655,World Bank 2025,2344860,2267050,49.77
Africa,Djibouti,DJI,Djibouti,1184076,586804,597272,0.495579675628929,0.504420324371071,French,"Arabic, Somali, Afar",20.931,7.487,24784,8865,15919,World Bank 2025,23200,23180,51.08
Africa,Egypt,EGY,Cairo,118365995,59760496,58605499,0.504878922362795,0.495121077637205,Arabic,"English, French",20.915,5.506,2475625,651723,1823902,World Bank 2025,1001450,995450,118.91
Africa,Equatorial Guinea,GNQ,Ciudad de la Paz,1938431,1021292,917139,0.526865284345948,0.473134715654052,Spanish,"French, Portuguese",29.994,7.851,58141,15219,42922,World Bank 2025,28050,28050,69.11
Africa,Eritrea,ERI,Asmara,3607003,1781275,1825728,0.493837959103444,0.506162040896556,Afar,"Arabic, Tigre, Kunama",28.719,5.995,103590,21624,81966,World Bank 2025,121765.8,121178.2,29.77
Africa,Eswatini,SWZ,Mbabane,1256174,616995,639179,0.491170013071438,0.508829986928562,English,Swati,23.648,7.731,29706,9711,19995,World Bank 2025,17360,17200,73.03
Africa,Ethiopia,ETH,Addis Ababa,135472051,67876104,67595947,0.50103400294722,0.49896599705278,Amharic,"English, Oromo, Tigrinya",31.469,5.879,4263170,796440,3466730,World Bank 2025,1136239.7,1128498.8,120.05
Africa,Gabon,GAB,Libreville,2593130,1315214,1277916,0.507191694978655,0.492808305021345,French,,27.127,6.226,70344,16145,54199,World Bank 2025,267670,257670,10.06
Africa,Gambia,GMB,Banjul,2822093,1405315,1416778,0.497969060551867,0.502030939448133,English,"Mandinka, Gambian Wolof, Wolof",29.857,6.249,84259,17635,66624,World Bank 2025,11300,10120,278.86
Africa,Ghana,GHA,Accra,35064272,17509380,17554892,0.499351020320627,0.500648979679373,English,"Akan, Ewe, Twi",25.92,7.009,908866,245765,663101,World Bank 2025,238539,227533,154.11
Africa,Guinea,GIN,Conakry,15099727,7477672,7622055,0.495219019522671,0.504780980477329,French,,33.325,9.028,503198,136320,366878,World Bank 2025,245860,245720,61.45
Africa,Guinea-Bissau,GNB,Bissau,2249515,1112293,1137222,0.494459027834889,0.505540972165111,Portuguese,Upper Guinea Crioulo,29.56,7.009,66496,15767,50729,World Bank 2025,36120,28120,80.0
Africa,Ivory Coast,CIV,Yamoussoukro,32711547,16628362,16083185,0.508333097178192,0.491666902821808,French,,31.564,7.607,1032507,248837,783670,World Bank 2025,322460,318000,102.87
Africa,Kenya,KEN,Nairobi,57532493,28596556,28935937,0.497050527603593,0.502949472396407,Swahili,English,26.968,7.18,1551536,413083,1138453,World Bank 2025,591969,580876.3,99.04
Africa,Lesotho,LSO,Maseru,2363325,1152167,1211158,0.487519490548274,0.512480509451726,English,"Southern Sotho, Zulu, Xhosa",23.762,10.478,56157,24763,31394,World Bank 2025,30360,30360,77.84
Africa,Liberia,LBR,Monrovia,5731206,2861706,2869500,0.499320038400295,0.500679961599705,English,,30.577,8.016,175243,45941,129302,World Bank 2025,111370,96320,59.5
Africa,Libya,LBY,Tripoli,7458555,3791703,3666852,0.508369650689711,0.491630349310289,Arabic,"Italian, English",16.495,6.534,123029,48734,74295,World Bank 2025,1759540,1759540,4.24
Africa,Madagascar,MDG,Antananarivo,32740678,16421791,16318887,0.501571500749007,0.498428499250993,French,Malagasy,31.714,7.471,1038338,244606,793732,World Bank 2025,587295,581800,56.27
Africa,Malawi,MWI,Lilongwe,22216120,10843950,11372170,0.488111785496297,0.511888214503703,Nyanja,"Yao, Tumbuka, Malawi Sena",31.143,5.292,691877,117568,574309,World Bank 2025,118480,94280,235.64
Africa,Mali,MLI,Bamako,25198821,12711637,12487184,0.504453640906454,0.495546359093547,French,Bambara,39.532,8.51,996160,214442,781718,World Bank 2025,1240190,1220190,20.65
Africa,Mauritania,MRT,Nouakchott,5315065,2608802,2706263,0.490831626706353,0.509168373293647,Arabic,"Pulaar, Soninke, French",34.03,5.414,180872,28776,152096,World Bank 2025,1030700,1030700,5.16
Africa,Mauritius,MUS,Port Louis,1243741,620178,623563,0.498639186132804,0.501360813867196,English,"Bhojpuri, French",10.3,10.0,12811,12437,374,World Bank 2025,2010,1997,622.8
Africa,Mayotte,MYT,Mamoudzou,279471,,,,,French,,,,,,,GeoNames (no sex split),374,374,747.25
Africa,Morocco,MAR,Rabat,38430770,19372079,19058691,0.504077305763064,0.495922694236936,Arabic,"Berber languages, French",16.402,5.726,630341,220055,410286,World Bank 2025,446550,446300,86.11
Africa,Mozambique,MOZ,Maputo,35631653,17300760,18330893,0.485544692523807,0.514455307476193,Portuguese,Makhuwa,37.028,6.908,1319369,246143,1073226,World Bank 2025,799380,786380,45.31
Africa,Namibia,NAM,Windhoek,3092816,1510359,1582457,0.488344279129441,0.511655720870559,English,"Afrikaans, German, Herero",25.891,6.176,80076,19101,60975,World Bank 2025,824290,823290,3.76
Africa,Niger,NER,Niamey,27917831,14174857,13742974,0.50773489530759,0.49226510469241,French,"Hausa, Kanuri, Zarma",41.42,8.719,1156357,243416,912941,World Bank 2025,1267000,1266700,22.04
Africa,Nigeria,NGA,Abuja,237527782,120177737,117350045,0.505952339503595,0.494047660496405,English,"Hausa, Yoruba, Igbo",32.493,11.641,7717990,2765061,4952929,World Bank 2025,923770,910770,260.8
Africa,Republic of the Congo,COG,Brazzaville,6484437,3241622,3242815,0.499908010518107,0.500091989481893,French,"Kongo, Lingala",30.424,6.241,197283,40469,156814,World Bank 2025,342000,341500,18.99
Africa,Reunion,REU,Saint-Denis,776948,,,,,French,,,,,,,GeoNames (no sex split),2517,2517,308.68
Africa,Rwanda,RWA,Kigali,14569341,7112388,7456953,0.488174997070904,0.511825002929096,Kinyarwanda,"English, French, Swahili",28.062,5.895,408845,85886,322959,World Bank 2025,26338,24670,590.57
Africa,Saint Helena,SHN,Jamestown,7460,,,,,English,,,,,,,GeoNames (no sex split),410,410,18.2
Africa,Sao Tome and Principe,STP,Sao Tome,240254,119369,120885,0.496845005702298,0.503154994297702,Portuguese,,28.094,5.53,6750,1329,5421,World Bank 2025,960,960,250.26
Africa,Senegal,SEN,Dakar,18931966,9614690,9317276,0.507854810218865,0.492145189781135,French,"Wolof, Pulaar, Mandinka",29.184,5.505,552510,104220,448290,World Bank 2025,196710,192530,98.33
Africa,Seychelles,SYC,Victoria,122730,67569,55161,0.550549987778049,0.449450012221951,English,French,11.0,7.0,1350,859,491,World Bank 2025,460,460,266.8
Africa,Sierra Leone,SLE,Freetown,8819794,4399019,4420775,0.498766637860249,0.501233362139751,English,"Mende (Sierra Leone), Timne",30.108,8.211,265546,72419,193127,World Bank 2025,72300,72180,122.19
Africa,Somalia,SOM,Mogadishu,19654739,9844974,9809765,0.50089568729455,0.49910431270545,Somali,"Arabic, Italian, English",42.346,9.741,832300,191457,640843,World Bank 2025,637660,627340,31.33
Africa,South Africa,ZAF,Pretoria,64747319,31504125,33243194,0.486570339692366,0.513429660307634,Zulu,"Xhosa, Afrikaans, Pedi",18.48,9.237,1196530,598071,598459,World Bank 2025,1219090,1213090,53.37
Africa,South Sudan,SSD,Juba,12188788,5994220,6194568,0.491781463423599,0.508218536576401,English,,29.222,9.821,356181,119706,236475,World Bank 2025,646883,631930,19.29
Africa,Sudan,SDN,Khartoum,51662147,25605038,26057109,0.495624736618089,0.504375263381911,Arabic,"English, Nobiin",32.996,6.335,1704644,327280,1377364,World Bank 2025,1878000,1868000,27.66
Africa,Tanzania,TZA,Dodoma,70545865,34977375,35568490,0.495810420639112,0.504189579360888,Swahili,"English, Arabic",34.801,5.721,2455067,403593,2051474,World Bank 2025,947300,885800,79.64
Africa,Togo,TGO,Lome,8591626,4205132,4386494,0.48944542045941,0.51055457954059,French,"Ewe, Mina (Cameroon), Kabiyè",32.061,8.486,275456,72909,202547,World Bank 2025,56790,54390,157.96
Africa,Tunisia,TUN,Tunis,12348573,6101673,6246900,0.494119684922298,0.505880315077702,Arabic,French,13.37,6.128,165100,75672,89428,World Bank 2025,163610,155360,79.48
Africa,Uganda,UGA,Kampala,51384894,25495638,25889256,0.496169905497908,0.503830094502092,English,"Ganda, Swahili",34.436,4.767,1769490,244952,1524538,World Bank 2025,236040,200520,256.26
Africa,Western Sahara,ESH,El-Aaiun,273008,,,,,Arabic,Hassaniyya,,,,,,GeoNames (no sex split),266000,266000,1.03
Africa,Zambia,ZMB,Lusaka,21913874,10848179,11065695,0.495037025402263,0.504962974597737,English,"Bemba (Zambia), Lozi, Lunda",32.724,5.165,717110,113185,603925,World Bank 2025,752610,743390,29.48
Africa,Zimbabwe,ZWE,Harare,16950795,8087867,8862928,0.477137915950255,0.522862084049745,English,"Shona, South Ndebele, North Ndebele",29.891,7.498,506676,127097,379579,World Bank 2025,390760,386850,43.82
Antarctica,French Southern Territories,ATF,Port-aux-Francais,140,,,,,French,,,,,,,GeoNames (no sex split),7829,7829,0.02
Antarctica,South Georgia and the South Sandwich Islands,SGS,Grytviken,30,,,,,English,,,,,,,GeoNames (no sex split),3903,3903,0.01
Asia,Afghanistan,AFG,Kabul,43844111,22142579,21701532,0.505029717674057,0.494970282325943,Persian,"Pushto, Uzbek, Turkmen",35.007,5.702,1534851,249999,1284852,World Bank 2025,652870,652230,67.22
Asia,Armenia,ARM,Yerevan,3086700,1432485,1654215,0.464083001263485,0.535916998736515,Armenian,,11.1,8.4,34262,25928,8334,World Bank 2025,29740,28199.44,109.46
Asia,Azerbaijan,AZE,Baku,10246996,5024622,5222374,0.490350733034345,0.509649266965655,Azerbaijani,"Russian, Armenian",10.0,5.8,102470,59433,43037,World Bank 2025,86600,82650,123.98
Asia,Bahrain,BHR,Manama,1600366,992852,607514,0.620390585653532,0.379609414346468,Arabic,"English, Persian, Urdu",12.033,2.21,19257,3537,15720,World Bank 2025,800,800,2000.46
Asia,Bangladesh,BGD,Dhaka,175686899,86366729,89320170,0.491594589531687,0.508405410468313,Bengali,English,19.988,5.105,3511630,896882,2614748,World Bank 2025,144000,129980,1351.65
Asia,Bhutan,BTN,Thimphu,796682,425494,371188,0.534082607615084,0.465917392384916,Dzongkha,,12.525,6.065,9978,4832,5146,World Bank 2025,38390,38140,20.89
Asia,British Indian Ocean Territory,IOT,Diego Garcia,4000,,,,,English,,,,,,,GeoNames (no sex split),60,60,66.67
Asia,Brunei,BRN,Bandar Seri Begawan,466330,247435,218895,0.530600647610062,0.469399352389938,Malay,English,13.328,5.335,6215,2488,3727,World Bank 2025,5770,5270,88.49
Asia,Cambodia,KHM,Phnom Penh,17847982,8749635,9098347,0.490231052451756,0.509768947548244,Khmer,"French, English",20.309,6.454,362475,115191,247284,World Bank 2025,181040,176520,101.11
Asia,China,CHN,Beijing,1406585000,716046014,690538986,0.5090670055489,0.4909329944511,Chinese,"Yue Chinese, Wu Chinese, Daur",6.77,7.76,9522580,10915100,-1392520,World Bank 2025,9562910,9388210,149.82
Asia,Cocos Islands,CCK,West Island,628,,,,,Malay,English,,,,,,GeoNames (no sex split),14,14,44.86
Asia,Georgia,GEO,Tbilisi,3935766,1835197,2100569,0.466287121744535,0.533712878255465,Georgian,"Russian, Armenian, Azerbaijani",11.289,11.836,44431,46584,-2153,World Bank 2025,69700,69490,56.64
Asia,Hong Kong,HKG,Hong Kong,7498900,3375085,4123815,0.450077344677219,0.549922655322781,Chinese,"Yue Chinese, English",4.9,7.0,36745,52492,-15747,World Bank 2025,1110,1050,7141.81
Asia,India,IND,New Delhi,1463865525,754775449,709090076,0.515604361268089,0.484395638731912,Hindi,"English, Bengali, Telugu, Marathi, Tamil",15.981,6.587,23394035,9642482,13751553,World Bank 2025,3287590,2973190,492.36
Asia,Indonesia,IDN,Jakarta,285721236,143527524,142193712,0.502334114220338,0.497665885779663,Indonesian,"English, Dutch, Javanese",15.762,7.624,4503538,2178339,2325199,World Bank 2025,1916906.77,1892555.47,150.97
Asia,Iran,IRN,Tehran,92417681,46947484,45470197,0.507992447895333,0.492007552104667,Persian,Kurdish,12.571,4.754,1161783,439354,722429,World Bank 2025,1745150,1622500,56.96
Asia,Iraq,IRQ,Baghdad,47020774,23613299,23407475,0.502188649638137,0.497811350361863,Arabic,"Kurdish, Armenian",25.58,4.166,1202791,195889,1006902,World Bank 2025,435050,434130,108.31
Asia,Israel,ISR,Jerusalem,10122800,5042250,5080550,0.49810823092425,0.50189176907575,Hebrew,"Arabic, English",18.6,5.3,188284,53651,134633,World Bank 2025,22070,21640,467.78
Asia,Japan,JPN,Tokyo,123366734,60151475,63215259,0.487582616882765,0.512417383117235,Japanese,,5.7,13.3,703190,1640778,-937588,World Bank 2025,377969.27,364569.27,338.39
Asia,Jordan,JOR,Amman,11520684,5934489,5586195,0.515116029569078,0.484883970430922,Arabic,English,20.452,3.121,235621,35956,199665,World Bank 2025,89318,88794,129.75
Asia,Kazakhstan,KAZ,Nur-Sultan,20843754,10156785,10686969,0.487281945469132,0.512718054530868,Kazakh,Russian,19.521,6.697,406891,139591,267300,World Bank 2025,2724902,2699700,7.72
Asia,Kuwait,KWT,Kuwait City,4865298,2971432,1893866,0.610739979339395,0.389260020660605,Arabic,English,10.02,1.52,48750,7395,41355,World Bank 2025,17820,17820,273.02
Asia,Kyrgyzstan,KGZ,Bishkek,7343064,3629223,3713841,0.494238236245796,0.505761763754204,Kirghiz,"Uzbek, Russian",19.4,4.4,142455,32309,110146,World Bank 2025,199950,191800,38.29
Asia,Laos,LAO,Vientiane,7873046,3955408,3917638,0.502398690417915,0.497601309582086,Lao,"French, English",20.933,6.187,164806,48711,116095,World Bank 2025,236800,230800,34.11
Asia,Lebanon,LBN,Beirut,5849421,2846030,3003391,0.486549010577286,0.513450989422714,Arabic,"French, English, Armenian",15.958,6.035,93345,35301,58044,World Bank 2025,10450,10230,571.79
Asia,Macao,MAC,Macao,685900,315701,370199,0.460272634494824,0.539727365505176,Chinese,Portuguese,5.3,3.6,3635,2469,1166,World Bank 2025,33,33,20784.85
Asia,Malaysia,MYS,Kuala Lumpur,35977838,18821069,17156769,0.52312951656517,0.47687048343483,Malay,"English, Chinese, Tamil",12.362,5.273,444758,189711,255047,World Bank 2025,330411,328550,109.5
Asia,Maldives,MDV,Male,529676,326850,202826,0.617075344172664,0.382924655827336,Dhivehi,English,10.587,2.364,5608,1252,4356,World Bank 2025,300,298,1777.44
Asia,Mongolia,MNG,Ulaanbaatar,3568978,1778402,1790576,0.498294469733352,0.501705530266648,Mongolian,Russian,16.9,5.5,60316,19629,40687,World Bank 2025,1564115.75,1558499.786,2.29
Asia,Myanmar,MMR,Nay Pyi Taw,54850648,27293547,27557101,0.497597530661807,0.502402469338193,Burmese,,16.464,9.176,903061,503310,399751,World Bank 2025,676590,652670,84.04
Asia,Nepal,NPL,Kathmandu,29618118,14130210,15487908,0.477079941406135,0.522920058593865,Nepali,English,18.962,6.972,561619,206498,355121,World Bank 2025,147180,143350,206.61
Asia,North Korea,PRK,Pyongyang,26571036,13154539,13416497,0.495070609967937,0.504929390032064,Korean,,12.858,9.858,341650,261937,79713,World Bank 2025,120540,120410,220.67
Asia,Oman,OMN,Muscat,5494691,3428967,2065724,0.624050924792677,0.375949075207323,Arabic,"English, Baluchi, Urdu",16.778,1.904,92190,10462,81728,World Bank 2025,309500,309500,17.75
Asia,Pakistan,PAK,Islamabad,255219554,129314682,125904872,0.506680150377506,0.493319849622494,Urdu,"English, Panjabi, Sindhi",27.412,6.445,6996078,1644890,5351188,World Bank 2025,796100,770880,331.08
Asia,Palestinian Territory,PSE,East Jerusalem,5413596,2686107,2727489,0.496177956389801,0.503822043610199,Arabic,,26.465,5.87,143271,31778,111493,World Bank 2025,6025,6025,898.52
Asia,Philippines,PHL,Manila,116786962,58251330,58535632,0.498782817897087,0.501217182102913,Tagalog,"English, Filipino, Cebuano",15.894,6.35,1856212,741597,1114615,World Bank 2025,300000,298170,391.68
Asia,Qatar,QAT,Doha,2972215,2112996,859219,0.710916269516169,0.289083730483831,Arabic,Spanish,9.524,1.051,28307,3124,25183,World Bank 2025,11490,11490,258.68
Asia,Saudi Arabia,SAU,Riyadh,36973555,22341396,14632159,0.60425339137662,0.39574660862338,Arabic,,16.495,2.337,609879,86407,523472,World Bank 2025,2149690,2149690,17.2
Asia,Singapore,SGP,Singapore,6111175,3156466,2954709,0.516507218333627,0.483492781666374,Mandarin Chinese,"English, Malay, Tamil",7.4,6.0,45223,36667,8556,World Bank 2025,728,718,8511.39
Asia,South Korea,KOR,Seoul,51684564,25783559,25901005,0.498863819379419,0.501136180620581,Korean,English,4.7,7.0,242917,361792,-118875,World Bank 2025,100450,97600,529.55
Asia,Sri Lanka,LKA,Colombo,21756000,10524070,11231930,0.483731844088987,0.516268155911013,Sinhala,"Tamil, English",10.1,7.8,219736,169697,50039,World Bank 2025,65610,61860,351.7
Asia,Syria,SYR,Damascus,25620427,12825612,12794815,0.500601024331093,0.499398975668907,Arabic,"Kurdish, Armenian, Official Aramaic (700-300 BCE)",23.162,4.932,593420,126360,467060,World Bank 2025,185180,183630,139.52
Asia,Taiwan,TWN,Taipei,23451837,,,,,Chinese,"Min Nan Chinese, Hakka Chinese",,,,,,GeoNames (no sex split),35980,35980,651.8
Asia,Tajikistan,TJK,Dushanbe,10786734,5304080,5482654,0.491722517677733,0.508277482322267,Tajik,Russian,25.333,4.591,273260,49522,223738,World Bank 2025,141379,138790,77.72
Asia,Thailand,THA,Bangkok,71619863,34836601,36783262,0.486409768753677,0.513590231246323,Thai,English,8.116,9.033,581267,646942,-65675,World Bank 2025,513115.021,510890,140.19
Asia,Turkey,TUR,Ankara,85878556,42846961,43031595,0.498925028501877,0.501074971498123,Turkish,"Kurdish, Dimli, Azerbaijani",11.0,5.7,944664,489508,455156,World Bank 2025,785350,769630,111.58
Asia,Turkmenistan,TKM,Ashgabat,7618847,3741660,3877187,0.491105806429766,0.508894193570235,Turkmen,"Russian, Uzbek",20.906,5.836,159280,44464,114816,World Bank 2025,491209,469930,16.21
Asia,United Arab Emirates,ARE,Abu Dhabi,11513149,7342214,4170935,0.637724222973228,0.362275777026772,Arabic,"Persian, English, Hindi",9.819,0.972,113048,11191,101857,World Bank 2025,82880,71020,162.11
Asia,Uzbekistan,UZB,Tashkent,37053428,18694130,18359298,0.504518232429129,0.495481767570871,Uzbek,"Russian, Tajik",25.557,6.034,946974,223580,723394,World Bank 2025,448920,440650,84.09
Asia,Vietnam,VNM,Hanoi,101598527,49758338,51840189,0.489754521736324,0.510245478263676,Vietnamese,"English, French, Chinese",13.423,6.646,1363757,675224,688533,World Bank 2025,331338.31,313429,324.15
Asia,Yemen,YEM,Sanaa,41773878,21165097,20608781,0.506658658791506,0.493341341208494,Arabic,,34.359,4.734,1435309,197758,1237551,World Bank 2025,527970,527970,79.12
Europe,Aland Islands,ALA,Mariehamn,26711,,,,,Swedish,,,,,,,GeoNames (no sex split),1580,1580,16.91
Europe,Albania,ALB,Tirana,2349580,1161184,1188396,0.494209177810502,0.505790822189498,Albanian,Modern Greek (1453-),10.131,8.457,23804,19870,3934,World Bank 2025,28750,27400,85.75
Europe,Andorra,AND,Andorra la Vella,82904,42360,40544,0.510952426903406,0.489047573096594,Catalan,,6.852,6.139,568,509,59,World Bank 2025,470,470,176.39
Europe,Austria,AUT,Vienna,9208163,4535071,4673092,0.492505508427685,0.507494491572315,German,"Croatian, Hungarian, Slovenian",8.4,9.6,77349,88398,-11049,World Bank 2025,83879,82520,111.59
Europe,Belarus,BLR,Minsk,9085991,4233066,4852925,0.465889301453193,0.534110698546807,Belarusian,Russian,7.031,13.136,63884,119354,-55470,World Bank 2025,207629,202983,44.76
Europe,Belgium,BEL,Brussels,11941781,5891251,6050530,0.493331019887235,0.506668980112765,Dutch,"French, German",9.2,9.5,109864,113447,-3583,World Bank 2025,30689,30494,391.61
Europe,Bosnia and Herzegovina,BIH,Sarajevo,3140095,1495362,1644733,0.47621552851108,0.52378447148892,Bosnian,"Croatian, Serbian",7.72,13.522,24242,42460,-18218,World Bank 2025,51210,51200,61.33
Europe,Bulgaria,BGR,Sofia,6433302,3112828,3320474,0.483861631243178,0.516138368756822,Bulgarian,"Turkish, Romany",8.3,15.6,53396,100360,-46964,World Bank 2025,110996.758,108560,59.26
Europe,Croatia,HRV,Zagreb,3876200,1870524,2005676,0.48256643104071,0.51743356895929,Croatian,Serbian,8.3,13.2,32172,51166,-18994,World Bank 2025,56542,55960,69.27
Europe,Cyprus,CYP,Nicosia,1370754,690463,680291,0.503710366703289,0.496289633296711,Modern Greek (1453-),"Turkish, English",10.517,7.016,14416,9617,4799,World Bank 2025,9250,9240,148.35
Europe,Czechia,CZE,Prague,10886878,5369227,5517651,0.493183353391119,0.506816646608881,Czech,Slovak,7.7,10.3,83829,112135,-28306,World Bank 2025,78871.43,77167.31,141.08
Europe,Denmark,DNK,Copenhagen,6009169,2987146,3022023,0.497098018045424,0.502901981954576,Danish,"English, Faroese, German",9.5,9.5,57087,57087,0,World Bank 2025,42920,40000,150.23
Europe,Estonia,EST,Tallinn,1366475,650456,716019,0.476010172158291,0.52398982784171,Estonian,Russian,7.1,11.5,9702,15714,-6012,World Bank 2025,45340,42730,31.98
Europe,Faroe Islands,FRO,Torshavn,54900,28342,26558,0.516247723132969,0.483752276867031,Faroese,Danish,10.8,8.203,593,450,143,World Bank 2025,1399,1370,40.07
Europe,Finland,FIN,Helsinki,5646436,2792143,2854293,0.494496528429615,0.505503471570385,Finnish,"Swedish, Inari Sami",7.8,10.4,44042,58723,-14681,World Bank 2025,337030,303960,18.58
Europe,France,FRA,Paris,68720337,33315956,35404381,0.484804898439308,0.515195101560692,French,"Arpitan, Breton, Corsican",9.7,9.4,666587,645971,20616,World Bank 2025,547030,538950,127.51
Europe,Germany,DEU,Berlin,83491249,41229442,42261807,0.493817525714581,0.506182474285419,German,,8.1,12.1,676279,1010244,-333965,World Bank 2025,357680,349430,238.94
Europe,Gibraltar,GIB,Gibraltar,40126,19969,20157,0.497657379255346,0.502342620744654,English,"Spanish, Italian, Portuguese",12.205,6.589,490,264,226,World Bank 2025,10,10,4012.6
Europe,Greece,GRC,Athens,10413962,5046070,5367892,0.484548532057252,0.515451467942748,Modern Greek (1453-),"English, French",6.6,12.1,68732,126009,-57277,World Bank 2025,131960,128900,80.79
Europe,Guernsey,GGY,St Peter Port,65228,,,,,English,Jèrriais,,,,,,GeoNames (no sex split),78,78,836.26
Europe,Hungary,HUN,Budapest,9514251,4572050,4942201,0.480547549144962,0.519452450855038,Hungarian,,8.2,13.4,78017,127491,-49474,World Bank 2025,93030,91260,104.25
Europe,Iceland,ISL,Reykjavik,392404,201062,191342,0.512385194850205,0.487614805149795,Icelandic,"English, German, Danish",11.2,6.8,4395,2668,1727,World Bank 2025,103000,100830,3.89
Europe,Ireland,IRL,Dublin,5484367,2714870,2769497,0.495019753419128,0.504980246580873,English,Irish,10.0,6.5,54844,35648,19196,World Bank 2025,70280,68890,79.61
Europe,Isle of Man,IMN,Douglas,84118,41627,42491,0.494864357212487,0.505135642787513,English,Manx,8.277,10.649,696,896,-200,World Bank 2025,570,570,147.58
Europe,Italy,ITA,Rome,58915656,28814684,30100972,0.489083648665475,0.510916351334525,Italian,"German, French, Sardinian",6.3,11.0,371169,648072,-276903,World Bank 2025,302070,295720,199.23
Europe,Jersey,JEY,Saint Helier,90812,,,,,English,"French, Jèrriais",,,,,,GeoNames (no sex split),116,116,782.86
Europe,Kosovo,XKX,Pristina,1576876,775627,801249,0.491875708679693,0.508124291320307,Albanian,Serbian,11.852,5.973,18689,9419,9270,World Bank 2025,10908,10908,144.56
Europe,Latvia,LVA,Riga,1847785,857488,990297,0.464062647981232,0.535937352018769,Latvian,"Russian, Lithuanian",6.9,14.3,12750,26423,-13673,World Bank 2025,64590,62230,29.69
Europe,Liechtenstein,LIE,Vaduz,41024,20390,20634,0.497026131045242,0.502973868954758,German,,8.4,7.5,345,308,37,World Bank 2025,160,160,256.4
Europe,Lithuania,LTU,Vilnius,2888774,1364227,1524547,0.472251204144042,0.527748795855958,Lithuanian,"Russian, Polish",6.6,13.0,19066,37554,-18488,World Bank 2025,65290,62600,46.15
Europe,Luxembourg,LUX,Luxembourg,686970,345899,341071,0.503513981687701,0.496486018312299,Luxembourgish,"German, French",9.5,6.6,6526,4534,1992,World Bank 2025,2590,2574.46,266.84
Europe,Malta,MLT,Valletta,579704,301029,278675,0.519280529373611,0.480719470626389,Maltese,English,7.7,7.3,4464,4232,232,World Bank 2025,320,320,1811.58
Europe,Moldova,MDA,Chisinau,2360527,1085573,1274954,0.459885864470095,0.540114135529905,Romanian,"Russian, Gagauz, Turkish",10.59,13.823,24998,32630,-7632,World Bank 2025,33850,32930,71.68
Europe,Monaco,MCO,Monaco,38341,18751,19590,0.489058709997131,0.510941290002869,French,"English, Italian",9.558,20.141,366,772,-406,World Bank 2025,1.95,1.95,19662.05
Europe,Montenegro,MNE,Podgorica,623129,300021,323108,0.481474943390534,0.518525056609466,Serbian,"Hungarian, Bosnian, Albanian",11.2,10.2,6979,6356,623,World Bank 2025,13888,13450,46.33
Europe,North Macedonia,MKD,Skopje,1820909,886097,934812,0.486623439172413,0.513376560827587,Macedonian,"Albanian, Turkish, Roma",8.8,11.1,16024,20212,-4188,World Bank 2025,25710,25220,72.2
Europe,Norway,NOR,Oslo,5610870,2828205,2782665,0.50405819418379,0.49594180581621,Norwegian,"Norwegian Bokmål, Norwegian Nynorsk, Northern Sami",9.7,7.9,54425,44326,10099,World Bank 2025,324220,324220,17.31
Europe,Poland,POL,Warsaw,36435861,17645223,18790638,0.484281762958751,0.515718237041249,Polish,,6.9,11.2,251407,408082,-156675,World Bank 2025,313930,306270,118.97
Europe,Portugal,PRT,Lisbon,10804871,5145857,5659014,0.476253441619062,0.523746558380938,Portuguese,Mirandese,7.9,11.1,85358,119934,-34576,World Bank 2025,92230,91605.6,117.95
Europe,Romania,ROU,Bucharest,19020271,9211812,9808459,0.484315496871732,0.515684503128268,Romanian,"Hungarian, Romany",7.5,12.8,142652,243459,-100807,World Bank 2025,238400,230080,82.67
Europe,Russia,RUS,Moscow,143513328,66553257,76960071,0.463742691549875,0.536257308450125,Russian,"Tatar, Kalmyk, Caucasian languages",8.4,12.4,1205512,1779565,-574053,World Bank 2025,17125190,16376870,8.76
Europe,San Marino,SMR,San Marino,34109,16773,17336,0.491747046234132,0.508252953765868,Italian,,4.2,7.5,143,256,-113,World Bank 2025,60,60,568.48
Europe,Serbia,SRB,Belgrade,6549143,3104218,3444925,0.473988428715024,0.526011571284976,Serbian,"Hungarian, Bosnian, Romany",9.2,14.9,60252,97582,-37330,World Bank 2025,84990,84090,77.88
Europe,Slovakia,SVK,Bratislava,5413813,2642627,2771186,0.488126760196557,0.511873239803444,Slovak,Hungarian,8.5,9.9,46017,53597,-7580,World Bank 2025,49030,48080,112.6
Europe,Slovenia,SVN,Ljubljana,2130986,1071780,1059206,0.502950277477187,0.497049722522813,Slovenian,Serbo-Croatian,7.9,10.1,16835,21523,-4688,World Bank 2025,20480,20134.5,105.84
Europe,Spain,ESP,Madrid,49355143,24226170,25128973,0.490854012924246,0.509145987075754,Spanish,"Catalan, Galician, Basque",6.5,8.9,320808,439261,-118453,World Bank 2025,505975.98,499697.4,98.77
Europe,Svalbard and Jan Mayen,SJM,Longyearbyen,2550,,,,,Norwegian,Russian,,,,,,GeoNames (no sex split),62049,62049,0.04
Europe,Sweden,SWE,Stockholm,10596620,5338595,5258025,0.503801683933179,0.496198316066821,Swedish,"Northern Sami, Southern Sami, Finnish",9.3,8.6,98549,91131,7418,World Bank 2025,449964,407270,26.02
Europe,Switzerland,CHE,Bern,9092436,4518296,4574140,0.496929095789071,0.503070904210929,German,"French, Italian, Romansh",8.7,8.0,79104,72739,6365,World Bank 2025,41290.7,39509.63,230.13
Europe,The Netherlands,NLD,Amsterdam,18087633,8987375,9100258,0.496879553007295,0.503120446992705,Dutch,Western Frisian,9.2,9.6,166406,173641,-7235,World Bank 2025,41526,33670,537.2
Europe,Ukraine,UKR,Kyiv,38980376,18137513,20842863,0.465298564590552,0.534701435409448,Ukrainian,"Russian, Romany, Polish",5.466,13.603,213067,530250,-317183,World Bank 2025,603550,579400,67.28
Europe,United Kingdom,GBR,London,69487000,34225295,35261705,0.492542418006246,0.507457581993754,English,"Welsh, Scottish Gaelic",9.892,9.701,687365,674093,13272,World Bank 2025,243610,241930,287.22
Europe,Vatican,VAT,Vatican City,921,,,,,Latin,"Italian, French",,,,,,GeoNames (no sex split),0.44,0.44,2093.18
North America,Anguilla,AIA,The Valley,13254,,,,,English,,,,,,,GeoNames (no sex split),102,102,129.94
North America,Antigua and Barbuda,ATG,St. John's,94209,44849,49360,0.476058550669257,0.523941449330743,English,,11.747,7.028,1107,662,445,World Bank 2025,440,440,214.11
North America,Aruba,ABW,Oranjestad,108785,51382,57403,0.472326147906421,0.527673852093579,Dutch,"Papiamento, Spanish, English",7.593,7.778,826,846,-20,World Bank 2025,180,180,604.36
North America,Bahamas,BHS,Nassau,403033,192294,210739,0.477117258388271,0.522882741611729,English,,10.817,8.77,4360,3535,825,World Bank 2025,13940,10010,40.26
North America,Barbados,BRB,Bridgetown,282623,135517,147106,0.479497422361237,0.520502577638763,English,,11.117,10.23,3142,2891,251,World Bank 2025,430,430,657.26
North America,Belize,BLZ,Belmopan,422924,213334,209590,0.504426327188809,0.495573672811191,English,Spanish,18.051,4.96,7634,2098,5536,World Bank 2025,22966,22810,18.54
North America,Bermuda,BMU,Hamilton,64555,31550,33005,0.488730539849741,0.511269460150259,English,Portuguese,7.92,9.004,511,581,-70,World Bank 2025,53,53,1218.02
North America,"Bonaire, Saint Eustatius and Saba ",BES,,18012,,,,,Dutch,"Papiamento, English",,,,,,GeoNames (no sex split),328,328,54.91
North America,British Virgin Islands,VGB,Road Town,39732,18809,20923,0.473396758280479,0.526603241719521,English,,8.218,6.049,327,240,87,World Bank 2025,150,150,264.88
North America,Canada,CAN,Ottawa,41651653,20681413,20970240,0.496532826680372,0.503467173319628,English,"French, Inuktitut",8.9,7.9,370700,329048,41652,World Bank 2025,9984670,8788700,4.74
North America,Cayman Islands,CYM,George Town,75844,38063,37781,0.501859079162491,0.498140920837509,English,,11.56,4.863,877,369,508,World Bank 2025,264,240,316.02
North America,Costa Rica,CRI,San Jose,5152950,2545669,2607281,0.494021676903521,0.505978323096479,Spanish,English,9.991,5.566,51483,28681,22802,World Bank 2025,51100,51060,100.92
North America,Cuba,CUB,Havana,10937203,5393966,5543237,0.493175997556231,0.506824002443769,Spanish,Papiamento,8.62,10.375,94279,113473,-19194,World Bank 2025,109880,103800,105.37
North America,Curacao,CUW, Willemstad,156263,74452,81811,0.476453159097163,0.523546840902837,Dutch,Papiamento,7.2,10.1,1125,1578,-453,World Bank 2025,444,444,351.94
North America,Dominica,DMA,Roseau,65871,32893,32978,0.499354799532419,0.500645200467581,English,,10.98,12.623,723,831,-108,World Bank 2025,750,750,87.83
North America,Dominican Republic,DOM,Santo Domingo,11520487,5726179,5794308,0.497043137152101,0.502956862847899,Spanish,,17.62,6.249,202991,71992,130999,World Bank 2025,48730,48198.02,239.02
North America,El Salvador,SLV,San Salvador,6365503,3023753,3341750,0.475021848234146,0.524978151765854,Spanish,,15.597,7.47,99283,47550,51733,World Bank 2025,21040,20720,307.22
North America,Greenland,GRL,Nuuk,56831,29844,26987,0.525135929334342,0.474864070665658,Kalaallisut,"Danish, English",12.0,9.3,682,529,153,World Bank 2025,410450,410450,0.14
North America,Grenada,GRD,St. George's,117303,58766,58537,0.500976104617955,0.499023895382045,English,,11.477,8.918,1346,1046,300,World Bank 2025,340,340,345.01
North America,Guadeloupe,GLP,Basse-Terre,443000,,,,,French,,,,,,,GeoNames (no sex split),1780,1780,248.88
North America,Guatemala,GTM,Guatemala City,18687881,9269231,9418650,0.496002248730073,0.503997751269927,Spanish,,20.619,4.86,385325,90823,294502,World Bank 2025,108890,107160,174.39
North America,Haiti,HTI,Port-au-Prince,11906095,5888154,6017941,0.494549556340681,0.505450443659319,Haitian,French,21.944,7.804,261267,92915,168352,World Bank 2025,27750,27560,432.01
North America,Honduras,HND,Tegucigalpa,11005850,5539889,5465961,0.503358577483793,0.496641422516207,Spanish,"Garifuna, Mískito",21.649,4.519,238266,49735,188531,World Bank 2025,112490,111890,98.36
North America,Jamaica,JAM,Kingston,2837077,1402540,1434537,0.494360921469527,0.505639078530473,English,,11.45,8.206,32485,23281,9204,World Bank 2025,10990,10830,261.96
North America,Martinique,MTQ,Fort-de-France,432900,,,,,French,,,,,,,GeoNames (no sex split),1100,1100,393.55
North America,Mexico,MEX,Mexico City,131946900,63982817,67964083,0.484913378033133,0.515086621966867,Spanish,,15.464,6.219,2040427,820578,1219849,World Bank 2025,1957193.9,1943950,67.88
North America,Montserrat,MSR,Plymouth,9341,,,,,English,,,,,,,GeoNames (no sex split),102,102,91.58
North America,Nicaragua,NIC,Managua,7007502,3447757,3559745,0.492009420760779,0.507990579239221,Spanish,English,19.141,4.636,134131,32487,101644,World Bank 2025,130370,120340,58.23
North America,Panama,PAN,Panama City,4571189,2285579,2285610,0.499996609197301,0.500003390802699,Spanish,English,15.867,4.914,72531,22463,50068,World Bank 2025,75320,74180,61.62
North America,Puerto Rico,PRI,San Juan,3184835,1498342,1686493,0.470461421078329,0.529538578921671,English,Spanish,5.7,10.3,18154,32804,-14650,World Bank 2025,8870,8870,359.06
North America,Saint Barthelemy,BLM,Gustavia,8450,,,,,French,,,,,,,GeoNames (no sex split),21,21,402.38
North America,Saint Kitts and Nevis,KNA,Basseterre,46922,22434,24488,0.478112612420613,0.521887387579387,English,,11.741,9.977,551,468,83,World Bank 2025,260,260,180.47
North America,Saint Lucia,LCA,Castries,180149,88858,91291,0.493247256437727,0.506752743562273,English,,11.209,8.712,2019,1569,450,World Bank 2025,620,610,295.33
North America,Saint Martin,MAF,Marigot,24941,11547,13394,0.462972615372279,0.537027384627721,French,,15.045,9.657,375,241,134,World Bank 2025,50,50,498.82
North America,Saint Pierre and Miquelon,SPM,Saint-Pierre,7012,,,,,French,,,,,,,GeoNames (no sex split),242,242,28.98
North America,Saint Vincent and the Grenadines,VCT,Kingstown,99924,50820,49104,0.508586525759577,0.491413474240423,English,French,11.955,11.536,1195,1153,42,World Bank 2025,390,390,256.22
North America,Sint Maarten,SXM,Philipsburg,43923,21344,22579,0.485941306377069,0.514058693622931,Dutch,English,9.085,8.303,399,365,34,World Bank 2025,34,34,1291.85
North America,Trinidad and Tobago,TTO,Port of Spain,1367764,675684,692080,0.494006275936492,0.505993724063508,English,"Caribbean Hindustani, French, Spanish",10.543,8.739,14420,11953,2467,World Bank 2025,5130,5130,266.62
North America,Turks and Caicos Islands,TCA,Cockburn Town,46855,23439,23416,0.50024543805357,0.499754561946431,English,,10.539,7.39,494,346,148,World Bank 2025,950,950,49.32
North America,U.S. Virgin Islands,VIR,Charlotte Amalie,103792,49234,54558,0.474352551256359,0.525647448743641,English,,11.1,9.2,1152,955,197,World Bank 2025,350,350,296.55
North America,United States,USA,Washington,341784857,171737770,170047087,0.502473314667654,0.497526685332346,English,"Spanish, Hawaiian, French",10.6,9.0,3622919,3076064,546855,World Bank 2025,9831510,9147420,37.36
Oceania,American Samoa,ASM,Pago Pago,46029,23206,22823,0.504160420604402,0.495839579395598,English,"Samoan, Tonga (Tonga Islands)",14.994,7.293,690,336,354,World Bank 2025,200,200,230.15
Oceania,Australia,AUS,Canberra,27614411,13702766,13911645,0.496217934903627,0.503782065096373,English,,10.7,6.884,295474,190098,105376,World Bank 2025,7741220,7692020,3.59
Oceania,Christmas Island,CXR,Flying Fish Cove,1500,,,,,English,"Chinese, Malay",,,,,,GeoNames (no sex split),135,135,11.11
Oceania,Cook Islands,COK,Avarua,21388,,,,,English,Maori,,,,,,GeoNames (no sex split),240,240,89.12
Oceania,Fiji,FJI,Suva,933154,463127,470027,0.49630286104973,0.50369713895027,English,Fijian,17.864,9.511,16670,8875,7795,World Bank 2025,18270,18270,51.08
Oceania,French Polynesia,PYF,Papeete,282465,142759,139706,0.505404209371073,0.494595790628928,French,Tahitian,10.688,3.808,3019,1076,1943,World Bank 2025,3471,3471,81.38
Oceania,Guam,GUM,Hagatna,168999,85537,83462,0.506139089580412,0.493860910419588,English,Chamorro,17.342,6.92,2931,1169,1762,World Bank 2025,540,540,312.96
Oceania,Kiribati,KIR,Tarawa,136488,66306,70182,0.485800949534025,0.514199050465975,English,Gilbertese,25.309,7.059,3454,963,2491,World Bank 2025,810,810,168.5
Oceania,Marshall Islands,MHL,Majuro,36282,18561,17721,0.511575988093269,0.488424011906731,Marshallese,English,20.087,7.131,729,259,470,World Bank 2025,180,180,201.57
Oceania,Micronesia,FSM,Palikir,113683,56456,57227,0.496608991669819,0.503391008330181,English,"Chuukese, Pohnpeian, Yapese",22.318,7.712,2537,877,1660,World Bank 2025,700,700,162.4
Oceania,Nauru,NRU,Yaren,12025,6118,5907,0.508773388773389,0.491226611226611,Nauru,English,24.562,7.574,295,91,204,World Bank 2025,20,20,601.25
Oceania,New Caledonia,NCL,Noumea,295333,145703,149630,0.493351572631572,0.506648427368428,French,,14.03,6.251,4144,1846,2298,World Bank 2025,18580,18280,16.16
Oceania,New Zealand,NZL,Wellington,5324700,2646619,2678081,0.497045655154281,0.502954344845719,English,Maori,11.03,7.13,58731,37965,20766,World Bank 2025,267710,263310,20.22
Oceania,Niue,NIU,Alofi,2166,,,,,Niuean,English,,,,,,GeoNames (no sex split),260,260,8.33
Oceania,Norfolk Island,NFK,Kingston,1828,,,,,English,,,,,,,GeoNames (no sex split),34.6,34.6,52.83
Oceania,Northern Mariana Islands,MNP,Saipan,43541,23034,20507,0.529018626122505,0.470981373877495,Filipino,"Tagalog, Chinese, Chamorro",12.107,4.977,527,217,310,World Bank 2025,460,460,94.65
Oceania,Palau,PLW,Melekeok,17663,9506,8157,0.538187170922267,0.461812829077733,Palauan,"Sonsorol, English, Tobian",10.687,11.729,189,207,-18,World Bank 2025,460,460,38.4
Oceania,Papua New Guinea,PNG,Port Moresby,10762817,5530194,5232623,0.513824029526842,0.486175970473158,English,"Hiri Motu, Motu, Tok Pisin",24.291,6.554,261440,70540,190900,World Bank 2025,462840,452860,23.77
Oceania,Pitcairn,PCN,Adamstown,46,,,,,English,,,,,,,GeoNames (no sex split),47,47,0.98
Oceania,Samoa,WSM,Apia,219306,110473,108833,0.503739067786563,0.496260932213437,Samoan,English,24.969,6.16,5476,1351,4125,World Bank 2025,2840,2780,78.89
Oceania,Solomon Islands,SLB,Honiara,838645,428775,409870,0.511271157641195,0.488728842358805,English,Tok Pisin,26.707,5.083,22398,4263,18135,World Bank 2025,28900,27990,29.96
Oceania,Timor Leste,TLS,Dili,1418517,715244,703273,0.504219547597949,0.495780452402051,Tetum,"Portuguese, Indonesian, English",21.768,7.219,30878,10240,20638,World Bank 2025,14870,14870,95.39
Oceania,Tokelau,TKL,,1466,,,,,Tokelau,English,,,,,,GeoNames (no sex split),10,10,146.6
Oceania,Tonga,TON,Nuku'alofa,103742,48999,54743,0.472315937614467,0.527684062385533,Tonga (Tonga Islands),English,23.04,6.442,2390,668,1722,World Bank 2025,750,720,144.09
Oceania,Tuvalu,TUV,Funafuti,9492,4859,4633,0.511904761904762,0.488095238095238,Tuvalu,"English, Samoan, Gilbertese",21.969,9.268,209,88,121,World Bank 2025,30,30,316.4
Oceania,Vanuatu,VUT,Port Vila,335169,169145,166024,0.504655860178,0.495344139822,Bislama,"English, French",27.651,5.018,9268,1682,7586,World Bank 2025,12190,12190,27.5
Oceania,Wallis and Futuna,WLF,Mata Utu,16025,,,,,Wallisian,"East Futuna, French",,,,,,GeoNames (no sex split),274,274,58.49
South America,Argentina,ARG,Buenos Aires,45851378,22763219,23088159,0.496456595044973,0.503543404955027,Spanish,"English, Italian, German",11.086,7.732,508308,354523,153785,World Bank 2025,2780400,2736690,16.75
South America,Bolivia,BOL,Sucre,12581843,6302280,6279563,0.500902769173006,0.499097230826994,Spanish,"Quechua, Aymara",21.026,7.172,264546,90237,174309,World Bank 2025,1098580,1083300,11.61
South America,Brazil,BRA,Brasilia,212812405,104657408,108154997,0.491782459767794,0.508217540232206,Portuguese,"Spanish, English, French",12.133,7.068,2582053,1504158,1077895,World Bank 2025,8510420,8358140,25.46
South America,Chile,CHL,Santiago,19859921,9871188,9988733,0.497040647845477,0.502959352154523,Spanish,,8.723,6.58,173238,130678,42560,World Bank 2025,757244.88,742831.64,26.74
South America,Colombia,COL,Bogota,53425635,26358472,27067163,0.493367500451796,0.506632499548204,Spanish,,13.251,5.466,707943,292025,415918,World Bank 2025,1140619.1,1109500,48.15
South America,Ecuador,ECU,Quito,18289896,9117014,9172882,0.498472708647441,0.501527291352559,Spanish,,14.82,5.207,271056,95235,175821,World Bank 2025,256370,248360,73.64
South America,Falkland Islands,FLK,Stanley,2638,,,,,English,,,,,,,GeoNames (no sex split),12173,12173,0.22
South America,French Guiana,GUF,Cayenne,195506,,,,,French,,,,,,,GeoNames (no sex split),91000,91000,2.15
South America,Guyana,GUY,Georgetown,835986,406822,429164,0.486637336031943,0.513362663968057,English,,19.883,7.477,16622,6251,10371,World Bank 2025,214970,211140,3.96
South America,Paraguay,PRY,Asuncion,7013078,3515389,3497689,0.501261928072096,0.498738071927904,Spanish,Guarani,19.728,5.697,138354,39954,98400,World Bank 2025,406752,396012.03,17.71
South America,Peru,PER,Lima,34576665,17193234,17383431,0.497249633531748,0.502750366468253,Spanish,"Quechua, Aymara",15.751,5.595,544617,193456,351161,World Bank 2025,1285215.6,1280000,27.01
South America,Suriname,SUR,Paramaribo,639850,319510,320340,0.499351410486833,0.500648589513167,Dutch,"English, Sranan Tongo, Caribbean Hindustani",17.152,6.841,10975,4377,6598,World Bank 2025,163820,160507.61,3.99
South America,Uruguay,URY,Montevideo,3384688,1642008,1742680,0.485128319065155,0.514871680934845,Spanish,,9.802,9.933,33177,33620,-443,World Bank 2025,176220,175020,19.34
South America,Venezuela,VEN,Caracas,28516896,14082985,14433911,0.493847051235871,0.506152948764129,Spanish,,15.231,7.678,434341,218953,215388,World Bank 2025,912050,882050,32.33
